<?xml version="1.0" encoding="UTF-8"?>
<jcr:root xmlns:sling="http://sling.apache.org/jcr/sling/1.0" xmlns:cq="http://www.day.com/jcr/cq/1.0" xmlns:jcr="http://www.jcp.org/jcr/1.0" xmlns:nt="http://www.jcp.org/jcr/nt/1.0"
    jcr:primaryType="cq:Page">
    <jcr:content
        cq:designPath="/etc/designs/we-retail-client-app"
        cq:lastModified="{Date}2016-01-08T17:15:46.884-05:00"
        cq:lastModifiedBy="admin"
        cq:template="/apps/we-retail-client-app/templates/ionic-tab-page"
        jcr:primaryType="cq:PageContent"
        jcr:title="Arctic Surfing In Lofoten"
        sling:resourceType="we-retail-client-app/components/structure/ionic-tab-page"
        author="Jacob Webster"
        pge-angularModuleDependencies="[ionic,cqAppControllers,cqAppNavigation,cqMobileApps,weRetail]">
        <image
            jcr:lastModified="{Date}2016-01-08T17:15:46.880-05:00"
            jcr:lastModifiedBy="admin"
            jcr:primaryType="nt:unstructured"
            fileReference="/content/dam/we-retail/en/experiences/arctic-surfing-in-lofoten/surfer-wave-01.jpg"
            imageRotate="0"/>
        <cq:responsive jcr:primaryType="nt:unstructured">
            <breakpoints jcr:primaryType="nt:unstructured">
                <phone
                    jcr:primaryType="nt:unstructured"
                    title="Small Screen"
                    width="{Decimal}650"/>
                <tablet
                    jcr:primaryType="nt:unstructured"
                    title="Large Screen"
                    width="{Decimal}1200"/>
            </breakpoints>
        </cq:responsive>
    </jcr:content>
    <home/>
    <stories/>
    <catalogs/>
    <cart/>
    <more-items/>
</jcr:root>
