<?xml version="1.0" encoding="UTF-8"?>
<jcr:root xmlns:jcr="http://www.jcp.org/jcr/1.0" xmlns:nt="http://www.jcp.org/jcr/nt/1.0" xmlns:rep="internal"
    jcr:primaryType="nt:unstructured"
    id="root">
    <projects/>
    <sites/>
    <experiencefragments/>
    <assets/>
    <contentservices/>
    <publications/>
    <forms/>
    <screens/>
    <personalization/>
    <commerce/>
    <tools/>
    <communities
        jcr:mixinTypes="[rep:AccessControllable]"
        jcr:primaryType="nt:unstructured"
        jcr:title="Communities"
        icon="users"
        id="cq-communities"
        order="{Long}1900">
        <sites/>
        <reports/>
        <groups/>
        <members/>
        <moderation
            jcr:primaryType="nt:unstructured"
            jcr:title="Moderation"
            href="/communities/moderation"
            icon="usersExclude"
            id="cq-communities-moderation"
            order="{Long}600"/>
        <resources/>
        <rep:policy/>
    </communities>
</jcr:root>
