<?xml version="1.0" encoding="UTF-8"?>
<jcr:root xmlns:sling="http://sling.apache.org/jcr/sling/1.0" xmlns:cq="http://www.day.com/jcr/cq/1.0" xmlns:jcr="http://www.jcp.org/jcr/1.0" xmlns:nt="http://www.jcp.org/jcr/nt/1.0"
    jcr:primaryType="cq:Page">
    <jcr:content
        cq:designPath="/etc/designs/we-retail-client-app"
        cq:lastModified="{Date}2016-11-23T14:49:40.621-05:00"
        cq:lastModifiedBy="admin"
        cq:template="/apps/we-retail-client-app/templates/list-page"
        jcr:primaryType="cq:PageContent"
        jcr:title="More"
        sling:resourceType="we-retail-client-app/components/structure/more-page"
        ui-router-tabViewName="more">
        <content-par
            jcr:primaryType="nt:unstructured"
            sling:resourceType="wcm/foundation/components/responsivegrid">
            <profile
                jcr:primaryType="nt:unstructured"
                sling:resourceType="we-retail-client-app/components/content/profile"/>
            <list
                jcr:lastModified="{Date}2016-07-22T13:53:52.720-04:00"
                jcr:lastModifiedBy="admin"
                jcr:primaryType="nt:unstructured"
                sling:resourceType="we-retail-client-app/components/content/menu-list"
                displayAs="default"
                listFrom="children"
                parentPage="/content/mobileapps/we-retail/language-masters/en/tabs/more-items"
                tagsMatch="any"/>
            <updateButton
                jcr:primaryType="nt:unstructured"
                sling:resourceType="we-retail-client-app/components/content/update-button"/>
        </content-par>
        <cq:responsive jcr:primaryType="nt:unstructured">
            <breakpoints jcr:primaryType="nt:unstructured">
                <phone
                    jcr:primaryType="nt:unstructured"
                    title="Small Screen"
                    width="{Decimal}650"/>
                <tablet
                    jcr:primaryType="nt:unstructured"
                    title="Large Screen"
                    width="{Decimal}1200"/>
            </breakpoints>
        </cq:responsive>
    </jcr:content>
    <store-locations/>
    <about-us/>
    <language/>
</jcr:root>
