<?xml version="1.0" encoding="UTF-8"?>
<jcr:root xmlns:sling="http://sling.apache.org/jcr/sling/1.0" xmlns:cq="http://www.day.com/jcr/cq/1.0" xmlns:jcr="http://www.jcp.org/jcr/1.0" xmlns:nt="http://www.jcp.org/jcr/nt/1.0"
    jcr:primaryType="cq:Page">
    <jcr:content
        cq:catalogBlueprint="/content/catalogs/we-retail-client-app/en/app-catalog/product-data/me"
        cq:commerceType="section"
        cq:lastModified="{Date}2016-08-09T16:21:06.588-04:00"
        cq:lastModifiedBy="admin"
        cq:lastPropertyRollout="{Date}2016-08-08T16:16:12.265-04:00"
        cq:lastRolledout="{Date}2016-08-09T16:21:06.605-04:00"
        cq:lastRolledoutBy="admin"
        cq:template="/conf/we-retail/settings/wcm/templates/section-page"
        jcr:mixinTypes="[cq:LiveSync]"
        jcr:primaryType="cq:PageContent"
        jcr:title="me"
        sling:resourceType="we-retail-client-app/components/structure/products/product-list-page"
        listFrom="children"
        tagsMatch="any">
        <image
            cq:lastRolledout="{Date}2016-08-09T16:21:06.605-04:00"
            cq:lastRolledoutBy="admin"
            jcr:mixinTypes="[cq:LiveRelationship]"
            jcr:primaryType="nt:unstructured"/>
        <cq:LiveSyncConfig
            cq:isDeep="{Boolean}false"
            cq:master="/content/catalogs/we-retail-client-app/en/app-template-pages/section-page-template"
            cq:rolloutConfigs="[/etc/msm/rolloutconfigs/catalogpagecontent,/etc/msm/rolloutconfigs/catalogrollouthooks]"
            jcr:primaryType="cq:LiveCopy"/>
    </jcr:content>
    <portland-hooded-jacket/>
    <brooklyn-coat/>
    <el-gordo-down-jacket/>
    <double-breasted-raincoat/>
    <slopeside-coat/>
    <midweight-fleece-gloves/>
    <classic-leather-gloves/>
    <zurich-wool-scarf/>
    <analog-dark-wash-jean/>
    <trail-model-pants/>
    <tribeca-cargo-pants/>
    <corona-shorts/>
    <buffalo-plaid-shorts/>
    <stretch-fatigue-shorts/>
    <slot-canyon-active-shorts/>
    <pipeline-board-shorts/>
    <sussex-rain-boots/>
    <eton-short-sleeve-shirt/>
    <amsterdam-short-sleeve-travel-shirt/>
    <laguna-short-sleeve-shirt/>
    <expedition-tech-long-sleeved-shirt/>
</jcr:root>
