<?xml version="1.0" encoding="UTF-8"?>
<jcr:root xmlns:sling="http://sling.apache.org/jcr/sling/1.0" xmlns:jcr="http://www.jcp.org/jcr/1.0"
    jcr:primaryType="sling:OrderedFolder"
    sling:resourceType="granite/operations/components/diagnosis"
    name="Diagnosis">
    <granite_status/>
    <granite_threaddump/>
    <granite_heapdump/>
    <granite_requestperformance/>
    <granite_queryperformance/>
    <granite_logmessages/>
    <granite_oakindexmanager/>
    <syncdiagnostics/>
</jcr:root>
