<?xml version="1.0" encoding="UTF-8"?>
<jcr:root xmlns:sling="http://sling.apache.org/jcr/sling/1.0" xmlns:cq="http://www.day.com/jcr/cq/1.0" xmlns:jcr="http://www.jcp.org/jcr/1.0" xmlns:nt="http://www.jcp.org/jcr/nt/1.0"
    jcr:primaryType="cq:Page">
    <jcr:content
        cq:catalogBlueprint="/content/catalogs/we-retail-client-app/en/app-catalog/product-data/eq"
        cq:commerceType="section"
        cq:lastModified="{Date}2016-08-09T16:21:03.648-04:00"
        cq:lastModifiedBy="admin"
        cq:lastPropertyRollout="{Date}2016-08-08T16:16:11.767-04:00"
        cq:lastRolledout="{Date}2016-08-09T16:21:03.666-04:00"
        cq:lastRolledoutBy="admin"
        cq:template="/conf/we-retail/settings/wcm/templates/section-page"
        jcr:mixinTypes="[cq:LiveSync]"
        jcr:primaryType="cq:PageContent"
        jcr:title="eq"
        sling:resourceType="we-retail-client-app/components/structure/products/product-list-page"
        listFrom="children"
        tagsMatch="any">
        <image
            cq:lastRolledout="{Date}2016-08-09T16:21:03.666-04:00"
            cq:lastRolledoutBy="admin"
            jcr:mixinTypes="[cq:LiveRelationship]"
            jcr:primaryType="nt:unstructured"/>
        <cq:LiveSyncConfig
            cq:isDeep="{Boolean}false"
            cq:master="/content/catalogs/we-retail-client-app/en/app-template-pages/section-page-template"
            cq:rolloutConfigs="[/etc/msm/rolloutconfigs/catalogpagecontent,/etc/msm/rolloutconfigs/catalogrollouthooks]"
            jcr:primaryType="cq:LiveCopy"/>
    </jcr:content>
    <bpa-free-water-bottle/>
    <fleet-cross-training-shoe/>
    <gomobile-fitness-monitorsmart-music-player/>
    <flying-snowboard/>
    <bear-8_8_-longboard/>
    <the-stretch-longboard/>
    <rusty-parrot-shortboad/>
    <el-greco-8_-shorty/>
    <even-keel-paddleboard/>
    <chasing-tail-surfboard/>
    <the-neutrino/>
    <cuzco/>
    <sequoia-bike-helmet/>
    <comfort-gel-gloves/>
    <compact-chain-tool/>
    <blast-mini-pump/>
    <marin-mountain-bike-shoes/>
    <mx121-sport-pedals/>
    <pufferfish-snorkeling-fins/>
    <aqua-force-gps-fitness-monitor/>
    <cabana-stripe-towel/>
    <pro-series-swim-goggles/>
    <seastar-flip-flops/>
    <manta-ray-snorkel-and-dive-mask/>
</jcr:root>
